language,letters,id,letter,question,answer,trivia,
English,"A,B,C,D,E,F,G,H,I,J,K,L,M,N,O,P,Q,R,S,T,U,V,W,Y",a_01,A,What 'A' Is The Town In Which The Archers Live,Ambridge,"It sits in the fictional county of Borsetshire, which has been the setting for The Archers since the 1950s. Borsetshire itself is loosely placed somewhere between Worcestershire and Warwickshire.",
,,a_02,A,What 'A' Is The Use Of Perfume And Essential Oils To Relieve Pain,Aromatherapy,"Aromatherapy has roots in ancient Egypt, where scented oils were used for healing rituals.",
,,a_03,A,"What 'A' Is The City Normally Associated With The Black, Hornless Cattle From Angus",Aberdeen,Aberdeen is nicknamed 'The Granite City' because many of its buildings are made from local grey stone.,
,,a_04,A,What 'A' Is A Scottish Oil Town,Aberdeen,The city became a major hub for North Sea oil after the 1970s energy boom.,
,,a_05,A,What 'A' Was The Greatest Of The Ancient Greek City-States,Athens,"Athens is one of the world’s oldest continuously inhabited cities, with recorded history stretching back over 3,400 years.",
,,a_06,A,What 'A' Is A Pear-Shaped Sub-Tropical Fruit,Avocado,Avocados were once called 'alligator pears' due to their bumpy green skin.,
,,a_07,A,What 'A' In The Movie Business Follows Lights And Camera,Action,"The first known use of 'Lights, camera, action!' dates back to early Hollywood silent-film directors.",
,,a_08,A,What 'A' Is French For Tree,Arbre,The French word 'arbre' shares its Latin root 'arbor' with the English word 'arboretum'.,
,,a_09,A,What 'A' Is A Frame With Parallel Wires And Beads Used For Counting,Abacus,The abacus is still used in some parts of Asia for rapid mental-style calculation.,
,,a_10,A,What 'A' Is A Famous 20th Century Poet With The First Names Wystan Hugh,Auden,W. H. Auden won the Pulitzer Prize in 1948 for his poem 'The Age of Anxiety'.,
,,b_01,B,What 'B' Is Army Slang For The Home Country Of Uk,Blighty,"'Blighty' comes from the Hindi word 'bilayati', meaning 'foreign' or 'British'.",
,,b_02,B,What 'B' Is The Science Of Life,Biology,The term comes from the Greek 'bios' (life) and 'logos' (study).,
,,b_03,B,What 'B' Is To Magically Put A Spell On Someone Or Something,Bewitch,"The word shares roots with Old English 'wicca', meaning sorcerer.",
,,b_04,B,What 'B' Is A Long Stuffed Pillow,Bolster,Bolsters were traditionally used in medieval beds to support large feather mattresses.,
,,b_05,B,What 'B' Is A Thin Soup,Broth / Bouillon,Bouillon cubes were first mass-produced in the late 19th century.,
,,b_06,B,What 'B' Is The Second Letter Of The Greek Alphabet,Beta,Beta is also used in software development to mean a test version.,
,,b_07,B,What 'B' Is A Prince Of Devilish Spirits,Beelzebub,The name originally meant 'Lord of the Flies' in ancient Philistine culture.,
,,b_08,B,What 'B' Was Known As Unsinkable In Ww2,Bismarck,The ship sank in 1941 after a dramatic chase across the North Atlantic.,
,,b_09,B,What 'B' Is A Famous Brewing Town And Was A Famous Actor,Burton,Burton-upon-Trent became famous for brewing because its water is rich in gypsum.,
,,b_10,B,What 'B' Is The Surname Of Henry Iv Of England,Bolingbroke,"Henry IV was born Henry Bolingbroke, named after the Lincolnshire town.",
,,c_01,C,What 'C' Is Often Used To Treat The Water In Swimming Baths,Chlorine,"Chlorine was first used in public water treatment in 1908 in Jersey City, USA.",
,,c_02,C,What 'C' Is The Tropic On The Line Of Latitude 23.5 Degrees North,Cancer,"The name comes from the constellation Cancer, which the sun appeared in at midsummer in ancient times.",
,,c_03,C,What 'C' Is A Scottish Word Meaning Family,Clan,"The word comes from the Gaelic 'clann', meaning 'children' or 'offspring'.",
,,c_04,C,What 'C' Is The Blind Roman God Of Love,Cupid,"Cupid’s Greek equivalent is Eros, the god of passionate love.",
,,c_05,C,"What 'C' Was A German Princess Who Married, And Then Succeeded Peter Iii Of Russia",Catherine (The Great),She corresponded with Voltaire and other Enlightenment thinkers.,
,,c_06,C,What 'C' Is The Officer In Command Of A Regiment Of Which Blimp And Bogey Were Examples,Colonel,The English pronunciation 'kernel' comes from a French-to-English spelling mismatch.,
,,c_07,C,"What 'C' Comes Before Piece, Liver And Fish",Cod,Cod was once so plentiful that it formed the backbone of medieval European trade.,
,,c_08,C,What 'C' Was Prime Minister Immediately Prior To World War Ii,Chamberlain,Neville Chamberlain served as Prime Minister from 1937 to 1940.,
,,c_09,C,What 'C' Was A French Existentialist Novelist,Camus,Albert Camus won the Nobel Prize in Literature in 1957.,
,,c_10,C,What 'C' Is The Common Name For The Painful Spasmodic Contraction Of A Muscle,Cramp,Muscle cramps are often caused by dehydration or electrolyte imbalance.,
,,d_01,D,"What 'D' Is A Plain, Ten-Sided Figure",Decagon,A regular decagon has interior angles of 144 degrees.,
,,d_02,D,What 'D' Was An Early Chemical Name For Silver,Diana,"The name comes from the Roman goddess Diana, associated with the moon’s silvery light.",
,,d_03,D,What 'D' Is To Prevaricate,Dither,The word originally meant 'to tremble' in Middle English.,
,,d_04,D,What 'D' Is Another By Which We Know Beezlebub And Satan,Devil,"The word comes from the Greek 'diabolos', meaning 'slanderer'.",
,,d_05,D,"What 'D' Has Games Called Muggins, All Threes, Threes And Fives, Or Sniff",Dominoes,The game likely originated in China before spreading to Europe in the 18th century.,
,,d_06,D,What 'D' Is A Plane Ten-Sided Figure,Decagon,A regular decagon has interior angles of 144 degrees.,
,,d_07,D,What 'D' Is The £500 Forfeited By Any Election Candidate Who Doesn't Poll At Least 5% Of The Vote,Deposit,The £500 deposit rule was introduced in 1985 to deter frivolous candidates.,
,,d_08,D,What 'D' Is The Device Which Triggers A Bomb,Detonator,Early detonators used simple burning fuses before electrical versions were invented.,
,,d_09,D,What 'D' Is An Equine Performance Of Set Manoeuvres Signalled By A Rider,Dressage,Dressage originated from classical cavalry training techniques.,
,,e_01,E,What 'E' Is A Book Giving Information About Almost Everything,Encyclopedia,The first modern encyclopedia was Diderot’s 'Encyclopédie' in the 18th century.,
,,e_02,E,What 'E' Is To Pronounce Or Articulate,Enunciate,"The word comes from Latin 'enuntiare', meaning 'to proclaim'.",
,,e_03,E,What 'E' Is An Outbreak Of Disease Among A Community,Epidemic,The term comes from Greek 'epi' (upon) + 'demos' (people).,
,,e_04,E,What 'E' Is The Point On The Earths Surface Directly Above The Focus Of An Earthquake,Epicentre,"The epicentre is not the origin of the quake, but the point directly above it.",
,,e_05,E,What 'E' Comes After A Gentleman's Name,Esquire,"Historically, an esquire ranked below a knight but above a gentleman.",
,,e_06,E,What 'E' Is The Highland Gaelic Dialect,Erse,'Erse' was once used to refer to both Irish and Scottish Gaelic.,
,,e_07,E,What 'E' Is The Country Once Called Abyssinia,Ethiopia,"Ethiopia is one of the world’s oldest nations, with a history stretching back millennia.",
,,e_08,E,What 'E' Is An Ambassador's Residence,Embassy,Embassies are considered the sovereign territory of the nation they represent.,
,,e_09,E,What 'E' Is The District Of Birmingham That Gives Its Name To The Cities Test Cricket Ground,Edgbaston,Edgbaston Cricket Ground hosted its first Test match in 1902.,
,,e_10,E,What 'E' Do You Sometimes Tell Your Grandmother To Suck,Eggs,The phrase 'teaching your grandmother to suck eggs' dates back to the 18th century.,
,,f_01,F,What 'F' Is To Make A Hissing Or Spluttering Sound,Fizz,The fizz in drinks comes from dissolved carbon dioxide gas.,
,,f_02,F,What 'F' Is A John Dory,Fish,The John Dory has a distinctive dark spot on its side.,
,,f_03,F,What 'F' Is To Make A Colour Permanent,Fix,Fixatives are used in photography to stabilise images on film.,
,,f_04,F,What 'F' Is A Hot Swiss Food Dip,Fondue,Cheese fondue became Switzerland’s national dish in the 1930s.,
,,f_05,F,What 'F' Is An Anti-Communist Political Creed,Fascism,"The word comes from 'fasces', a Roman bundle of rods symbolising authority.",
,,f_06,F,What 'F' Is A Fat Shakespearean Figure Of Fun,Falstaff,"Falstaff appears in three Shakespeare plays, including 'Henry IV'.",
,,f_07,F,What 'F' City Was At The Centre Of The Italian Renaissance,Florence,Florence is home to Michelangelo’s famous statue of David.,
,,f_08,F,What 'F' Is Twelve Inches,Foot,The foot was originally based on the length of a human foot.,
,,f_09,F,What 'F' Is An Acid Used As A Preservative,Formaldehyde,It was first synthesised by the Russian chemist Aleksandr Butlerov.,
,,f_10,F,"What 'F' Comes Before Gate, Light And Water",Flood,Floodlights were first used in sports in the late 19th century.,
,,g_01,G,What 'G' Are Troops Stationed Defensively In A Fortress,Garrison,"The word comes from Old French 'garir', meaning 'to defend'.",
,,g_02,G,What 'G' Is The Science Of The Earth's Formation,Geography,The term was first used by the ancient Greek scholar Eratosthenes.,
,,g_03,G,What 'G' Is Rough Voiced Or Mannered,Gruff,"'Gruff' is related to the Scandinavian word 'gruffa', meaning 'to grumble'.",
,,g_04,G,What 'G' Is Radiation Used To Fight Cancer,Gamma,Gamma rays were discovered by French chemist Paul Villard in 1900.,
,,g_05,G,What 'G' Is The Official Robe Of A University Graduate,Gown,Academic gowns date back to medieval universities.,
,,g_06,G,What 'G' Describes The Arizona Canyons Through Which The Colorado River Flows,Grand,The Grand Canyon is over 270 miles long.,
,,g_07,G,What 'G' Was A Writer Of Westerns,Grey,Zane Grey wrote over 90 Western novels.,
,,g_08,G,"What 'G' Can Be Gained, Lost Or Even Cut From Under Your Feet",Ground,The phrase 'cut the ground from under your feet' dates to the 19th century.,
,,g_09,G,What 'G' Is A Town And County In The Republic Of Ireland On A Bay Of The Same Name,Galway,Galway is known as Ireland’s 'City of the Tribes'.,
,,g_10,G,What 'G' Helped Win India's Independence,Gandhi,Gandhi trained as a lawyer in London before returning to India.,
,,h_01,H,What 'H' Is At The Blunt End Of A Tintack,Head,The head of a nail is designed to prevent it from being driven too far.,
,,h_02,H,What 'H' Do You Make While The Sun Shines,Hay,The proverb 'make hay while the sun shines' dates back to medieval farming.,
,,h_03,H,What 'H' Was The Greek Goddess Of Health,Hygeia,Hygeia’s name gives us the word 'hygiene'.,
,,h_04,H,What 'H' Is The Wooden Shaft Of A Pick Or Axe,Haft,The haft of an axe was traditionally made from hickory wood.,
,,h_05,H,What 'H' Is North Of Nicaragua,Honduras,"The name means 'depths', referring to deep coastal waters.",
,,h_06,H,What 'H' Describes A Parliament In Which The Ruling Party Is Not A Majority,Hung,A hung parliament first occurred in the UK in 1910.,
,,h_07,H,What 'H' Is A Substance That Kills Plants,Herbicide,The first synthetic herbicides were developed in the 1940s.,
,,h_08,H,What 'H' Is An Air-Cushion Vehicle,Hovercraft,The first practical hovercraft was invented by Christopher Cockerell.,
,,h_09,H,What 'H' Is An Animal With Both Male And Female Sex Organs,Hermaphrodite,The term comes from the Greek myth of Hermaphroditus.,
,,h_10,H,What 'H' Is The Doctrine Of The Pursuit Of Pleasure,Hedonism,The philosophy is associated with the ancient Greek thinker Epicurus.,
,,i_01,I,What 'I' Controls The Supply Of Sugar From The Blood To The Muscles,Insulin,Insulin was discovered in 1921 by Banting and Best.,
,,i_02,I,What 'I' Is A Resident Junior Doctor In A Hospital,Intern,"The term comes from the French 'interne', meaning 'resident physician'.",
,,i_03,I,What 'I' Is To Sit On Eggs,Incubate,Birds regulate egg temperature with remarkable precision.,
,,i_04,I,What 'I' Is A Striking Of One Thing Against Another,Impact,The word originally meant 'to press closely together'.,
,,i_05,I,What 'I' Is A Common South American Lizard,Iguana,Iguanas can hold their breath for up to 30 minutes.,
,,i_06,I,What 'I' Means To Make Poor,Impoverish,The root 'pauper' means 'poor' in Latin.,
,,i_07,I,What 'I' Means Uncompromising,Intransigent,The word entered English in the 19th century from Spanish.,
,,i_08,I,"What 'I' Comes Before Pack, Pick, Show And Skate",Ice,"Ice skating dates back over 4,000 years.",
,,i_09,I,What 'I' Is In The Eye And Also A Flower,Iris,The iris flower is named after the Greek goddess of the rainbow.,
,,j_01,J,What 'J' Is An Opaque Variety Of Quartz,Jasper,Jasper has been used in jewellery since ancient Egypt.,
,,j_02,J,What 'J' Is A Kind Of Fragrant Tea,Jasmine,Jasmine is often used in perfumes for its sweet scent.,
,,j_03,J,What 'J' Is The Name Given To God In The Old Testament,Jehovah,The form 'Jehovah' arose from combining Hebrew consonants with Latin vowels.,
,,j_04,J,What 'J' Is A Political Council Or Committee,Junta,The word simply means 'committee' in Spanish.,
,,j_05,J,What 'J' Is A Fibre Used For Sacking - And A Germanic Invader Of England,Jute,Jute was once known as the 'golden fibre' in Bengal.,
,,j_06,J,"What 'J' Is A Breed Of Cattle, Jumper And Island",Jersey,"Jersey cows are prized for their rich, creamy milk.",
,,j_07,J,Which 'J' Is A Semi Precious Stone And A Shade Of Green,Jade,"Jade has been valued in China for over 7,000 years.",
,,j_08,J,What 'J' Was The First Permanent English Settlement In America,Jamestown,Jamestown was founded in 1607.,
,,j_09,J,What 'J' Is The Month Named After A Two-Faced God,January,"January is named after Janus, the Roman god of doorways and beginnings.",
,,k_01,K,What 'K' Is A Poetic Word For Hankerchief,Kerchief,"The word comes from French 'couvre-chef', meaning 'head cover'.",
,,k_02,K,What 'K' Means Prepared According To Jewish Dietary Laws,Kosher,Kosher dietary laws are part of Jewish 'kashrut' tradition.,
,,k_03,K,What 'K' Is The Pool In Some Card Games,Kitty,"In poker, the kitty often pays for refreshments or table expenses.",
,,k_04,K,What 'K' Is The Colour Of British Army Uniforms,Khaki,'Khaki' comes from the Urdu word for 'dust-coloured'.,
,,k_05,K,What 'K' Meaning Hidden Is One Of The Noble Gases And Also The Name Of Superman's Home Planet,Krypton,Krypton was discovered in 1898 by Ramsay and Travers.,
,,k_06,K,What 'K' Is A Bird Of Prey,Kite,Kites are known for hovering in the air while hunting.,
,,k_07,K,What 'K' Was The Hindu Goddess Of Destruction And The Wife Of Siva,Kali,Kali is often depicted with a garland of skulls symbolising destruction of evil.,
,,k_08,K,What 'K' Is Basic Wind Instrument That Vibrates With A Buzz When Blown Into,Kazoo,The kazoo was patented in the US in 1883.,
,,k_09,K,What 'K' Is A Pair Of Trousers Gathered Below The Knee Or Before Glory Is An Elaborate Ice Cream Sundae,Knickerbocker,The term also refers to early Dutch settlers of New York.,
,,k_10,K,What 'K' Will Proverbially Never Come To The Boil If You Watch It,Kettle,The proverb 'a watched pot never boils' dates back to the 18th century.,
,,l_01,L,What 'L' Is Plunder Or Booty,Loot,The word entered English from Hindi during the British Raj.,
,,l_02,L,What 'L' Is To Treat Someone As A Celebrity Or A Big Cat,Lionize,To 'lionize' someone originally meant to treat them like a celebrity at the London Zoo.,
,,l_03,L,What 'L' Is A Country Bordering Vietnam,Laos,Laos is one of the few landlocked countries in Southeast Asia.,
,,l_04,L,"What 'L' Was A Motor-Racing Champion Who Was Badly Burned In 1976, But Returned To Become World Champion Again",Lauda,Niki Lauda survived a near-fatal crash at the Nurburgring in 1976.,
,,l_05,L,What 'L' Is The Name Of the singer Madonna's Daughter,Lourdes,Lourdes is also the name of a famous pilgrimage site in France.,
,,l_06,L,What 'L' Comes Out Of Volcanoes,Lava,"Lava can reach temperatures of over 1,000C.",
,,l_07,L,What 'L' Was The Surname Of The Nottinghamshire Miner's Son Whose First Major Novel Was The Semi-Autobiographical 'Sons And Lovers',Lawrence,"D. H. Lawrence wrote 'Lady Chatterley’s Lover', once banned for obscenity.",
,,l_08,L,What 'L' was the Italian Currency before the Euro was adopted,Lire,Italy replaced the lire with the euro in 2002.,
,,l_09,L,What 'L' Is Transparent Material Cut So At Least One Surface Is Rounded,Lens,"The word comes from the Latin for 'lentil', due to its shape.",
,,l_10,L,What 'L' Might Be Provided With A Hood A Cap And Its Own Brush,Lens,"The word comes from the Latin for 'lentil', due to its shape.",
,,m_01,M,"What 'M' Is The Way Of Identifying A Street In America, Which Would Be Called A 'High Street' Here",Main,Many US cities have a 'Main Street' as their central commercial road.,
,,m_02,M,What 'M' Is A Small Fridge Usually Found In Hotel Rooms Stocked With Drinks And Sweets,Minibar,The first hotel minibars appeared in the 1960s.,
,,m_03,M,What 'M' Was The First Queen Of England,Matilda,"Matilda was never crowned, leading to a period known as The Anarchy.",
,,m_04,M,What 'M' Was Beheaded By Her Sister,Mary,"Mary, Queen of Scots, was executed at Fotheringhay Castle.",
,,m_05,M,What 'M' Is A Savoury Spread -- And Means Cooking Pot In French,Marmite,Marmite was invented in the late 19th century from brewer’s yeast.,
,,m_06,M,What 'M' Painted Dejeuner Sur L'herbe,Manet,Manet’s work helped bridge realism and impressionism.,
,,m_07,M,What 'M' Is A Gamophobia Afraid Of,Marriage,The word comes from Old French 'mariage'.,
,,m_08,M,What 'M' Was The Roman God Of War,Mars,Mars was also the Roman god of agriculture before becoming associated with war.,
,,m_09,M,What 'M' Is The Spanish Word For Tomorrow,Manana,The word is famously associated with a relaxed attitude to time.,
,,m_10,M,What 'M' Is The Nickname For The Car Making City Of Detroit,Motown,Motown Records was founded by Berry Gordy in 1959.,
,,n_01,N,What 'N' Is Harmful Or Unwholesome,Noxious,"The word comes from Latin 'noxa', meaning 'harm'.",
,,n_02,N,What 'N' Is A Composition For Nine Voices Or Instruments,Nonet,A nonet is less common than a quartet or quintet in classical music.,
,,n_03,N,What 'N' Was A Doctor Who Gave His Name To The Title Of A James Bond Film,No,"'Dr. No' was the first James Bond film, released in 1962.",
,,n_04,N,What 'N' Is The Bird Keats Wrote An Ode To,Nightingale,Keats wrote 'Ode to a Nightingale' in 1819.,
,,n_05,N,What 'N' Are a type of printed media created in Tabloid and Broadsheet forms.,Newspapers,The first printed newspapers appeared in the 17th century.,
,,n_06,N,What 'N' Is A Toad With A Yellow-Striped Back,Natterjack,"Natterjacks are known for their loud, rasping call.",
,,n_07,N,What 'N' Is Common Sense,Nous,"In philosophy, 'nous' refers to intellect or mind.",
,,n_08,N,"What 'N' Is A Game, Usually Played By Girls And Rather Like Basketball",Netball,Netball evolved from early versions of basketball.,
,,n_09,N,What 'N' Means Well Known Especially In A Infamous Or Unsavoury Context,Notorious,The word is often used in legal or criminal contexts.,
,,n_10,N,"What 'N' Are Emma, Pamela, Rebecca, Kim And Kidnapped In The History Of English Literature",Novels,These titles span over 250 years of English literature.,
,,o_01,O,What 'O' Does A Woman Sometimes Promise She Will Do When She Gets Married,Obey,The word 'obey' appears in some traditional wedding vows.,
,,o_02,O,What 'O' Is An English Actor Elevated To The Peerage,Oliver,Laurence Olivier was one of the founding directors of the National Theatre.,
,,o_03,O,What 'O' Means Pertaining To The Eye,Ocular,"Ocular comes from Latin 'oculus', meaning 'eye'.",
,,o_04,O,What 'O' Is Egg-Shaped -- And A Cricket Venue,Oval,The Oval hosted the first Test match in England in 1880.,
,,o_05,O,What 'O' Is A Buddhist Chant,Om,'Om' is considered the primordial sound of the universe in Hinduism.,
,,o_06,O,What 'O' Is A Shaft Used To Propel A Boat,Oar,"Oars have been used for thousands of years, predating sails.",
,,o_07,O,What 'O' Is A Child Without Brothers And Sisters,Only,Only children often develop strong relationships with adults.,
,,o_08,O,What 'O' Is A Kind Of Negro Sorcery,Obeah,Obeah is practised mainly in the Caribbean.,
,,o_09,O,What 'O' Is A Keyboard Instrument Supplied With Wind By Bellows,Organ,Pipe organs are among the largest musical instruments in the world.,
,,o_10,O,What 'O' Is A Female Hormone,Oestrogen,Oestrogen levels fluctuate naturally throughout the menstrual cycle.,
,,p_01,P,What 'P' Is former Cricketer and later Prime Minister Imran Khan's Native Country,Pakistan,Pakistan was founded in 1947 after the partition of India.,
,,p_02,P,What 'P' Is An Alloy Of Tin And Lead,Pewter,Pewter was widely used for tableware in medieval Europe.,
,,p_03,P,What 'P' Is Sixteen Ounces,Pound,The pound symbol (£) derives from the Latin 'libra'.,
,,p_04,P,What 'P' Is A Doric Temple Which Crowns The Acropolis Above Athens,Parthenon,The Parthenon was dedicated to the goddess Athena.,
,,p_05,P,What 'P' Is To Make Glossy By Friction,Polish,Shoe polish became widely used in the early 20th century.,
,,p_06,P,"What 'P' Is Another Word For Pacify, Conciliate, Or Propitiate",Placate,"The word comes from Latin 'placare', meaning 'to soothe'.",
,,p_07,P,What 'P' Describes The Mistletoe Plant Because It Grows On Other Plants,Parasitic,Mistletoe was sacred to the Druids.,
,,p_08,P,What 'P' Is A Bucket,Pail,The word 'pail' is more common in American English.,
,,p_09,P,What 'P' Is To Pronounce Publicly On A Sacred Subject,Preach,Preaching has been part of Christian worship since the earliest church gatherings.,
,,p_10,P,What 'P' Rode Nine Derby Winners,Piggott,Lester Piggott won a record nine Epsom Derby races between 1954 and 1983.,
,,q_01,Q,What 'Q' Is A Shaky Sounding Container For A Toxophilite's Ammunition,Quiver,The word 'quiver' has been used for arrow cases since at least the 14th century.,
,,q_02,Q,What 'Q' Is A Small Edible Game Bird,Quail,"Quail have a distinctive, whistling call often used to identify them in the wild.",
,,q_03,Q,What 'Q' Means The Most Essential Part Of Something,Quintessence,"In medieval philosophy, the 'quintessence' was believed to be the pure substance filling the heavens.",
,,q_04,Q,What 'Q' Were Led By William Penn When They Emigrated In The 17th Century,Quakers,Quakers are also known as the Religious Society of Friends.,
,,q_05,Q,What 'Q' Do You Need Four Of To Make One Whole,Quarters,"The word 'quarter' comes from the Latin 'quartus', meaning 'fourth'.",
,,q_06,Q,What 'Q' Are The Rules That Govern Boxing,Queensbury,The Queensberry Rules were first published in 1867 and shaped modern boxing.,
,,q_07,Q,What 'Q' Is The Officers Deck On A Naval Vessel,Quarter,The quarterdeck was traditionally reserved for officers and ceremonial duties.,
,,q_08,Q,What 'Q' Means To Give Up Or Leave,Quit,"'Quit' comes from Old French 'quiter', meaning 'to release'.",
,,q_09,Q,"What 'Q' Are Interrogative Sentences Frequently Beginning With What, Where And When",Questions,"Interrogative sentences often begin with the 'Five Ws': who, what, where, when, why.",
,,q_10,Q,What 'Q' Are The Types Of Muscles That Are Located In The Thigh,Quadriceps,The quadriceps are the strongest muscle group in the human body.,
,,r_01,R,What 'R' Was Spoilt And Gave Rise To The Battle Between Tweedledum And Tweedledee,Rattle,Lewis Carroll used the Tweedledum & Tweedledee rhyme in 'Through the Looking-Glass'.,
,,r_02,R,What 'R' Wrote A History Of The World While Imprisoned In The Tower In The Early 17th Century,Raleigh,Sir Walter Raleigh popularised tobacco in England after voyages to the New World.,
,,r_03,R,"What 'R' Was Isaac's Wife, In The Bible, Or A Fictitious Character Created By Daphne Du Maurier",Rebecca,Daphne du Maurier’s 'Rebecca' was published in 1938 and became an instant bestseller.,
,,r_04,R,What 'R' Was Zimbabwe,Rhodesia,"Rhodesia was named after Cecil Rhodes, the British imperialist.",
,,r_05,R,What 'R' Comes From The Czech And Means Forced Labour,Robot,The word 'robot' was introduced in a 1920 Czech play by Karel Čapek,
,,r_06,R,What 'R' Brought Sylvester Stallone To Fame,Rocky,'Rocky' was filmed on a modest budget but became a major box-office success.,
,,r_07,R,"What 'R' Is The Golden Fruit Awarded The Years Worst Movies, Announced A Day Before The Oscars",Raspberry,The 'Razzies' were created in 1981 as a humorous counterpoint to the Oscars.,
,,r_08,R,What 'R' Is A Recruit Or Beginner,Rookie,'Rookie' likely comes from the word 'recruit'.,
,,r_09,R,What 'R' Was Musical Co-Writer Of The Sound Of Music,Rodgers,"Richard Rodgers won an EGOT - Emmy, Grammy, Oscar and Tony.",
,,r_10,R,What 'R' Is A Reddish-Brown Colour,Russet,Russet is also the name of a popular variety of apple.,
,,s_01,S,"What 'S' Comes Before Tail, Hawk And Dive",Swallow,Swallows migrate thousands of miles between Europe and Africa each year.,
,,s_02,S,What 'S' Is An Autonomous Mediterranean Island,Sardinia,Sardinia is home to the ancient stone towers known as 'nuraghi'.,
,,s_03,S,What 'S' Are Limbless Reptiles Of The Order Squamata,Snakes,Snakes evolved from lizard ancestors over 100 million years ago.,
,,s_04,S,What 'S' Is A Yellow Dwarf Which Will Become A Red Giant At The End Of Its Life,Sun,The Sun contains more than 99% of the mass of the entire solar system.,
,,s_05,S,What 'S' Is An American Pavement,Sidewalk,'Sidewalk' is chiefly American, British English uses 'pavement'.
,,s_06,S,"What 'S' Goes Before Up, Down, Old Scores And Out Of Court",Settle,The phrase 'settle old scores' dates back to the 16th century.,
,,s_07,S,What 'S' Is A Layer Of Gases Around The Earth,Stratosphere,The ozone layer lies within the stratosphere.,
,,s_08,S,What 'S' Was Renamed Volgograd In 1961,Stalingrad,The Battle of Stalingrad was one of the turning points of World War II.,
,,s_09,S,What 'S' Was Chopin's Mistress,Sand,George Sand was the pen name of French novelist Amantine Dupin.,
,,s_10,S,What 'S' Is The Worlds Oldest Auctioneers,Sotheby's,Sotheby’s was founded in London in 1744.,
,,t_01,T,What 'T' Cost Up To 10 A Pound In 17th Century England,Tea,Tea was once so valuable in Britain it was kept in locked tea caddies.,
,,t_02,T,What 'T' Is The Larval Stage Of A Toad And Of A Frog,Tadpole,"Tadpoles undergo metamorphosis, developing legs before losing their tails.",
,,t_03,T,What 'T' Is A Customs Duty On Imported Goods,Tariff,Tariffs have been used since ancient times to regulate trade.,
,,t_04,T,What 'T' Is A Parasite Which Infests The Alimentary Canal,Tapeworm,Some tapeworms can grow to over 10 metres long.,
,,t_05,T,"What 'T' Comes After Reflecting, Refracting Or Schmidt",Telescope,The first telescopes appeared in the early 1600s in the Netherlands.,
,,t_06,T,What 'T' Had A Triple Platinum Lp With 'Bridge Of Sighs',T'Pau,T’Pau took their name from a Vulcan priestess in Star Trek.,
,,t_07,T,What 'T' Between Wapping And Rotherhithe Was Built By Brunel,Tunnel,Brunel’s Thames Tunnel was the first tunnel built under a navigable river.,
,,t_08,T,What 'T' Is A Hard Metallic Element With A High Melting Point,Tungsten,Tungsten has the highest melting point of any metal.,
,,t_09,T,What 'T' Is To Melt,Thaw,The word 'thaw' comes from Old English 'þāwian'.,
,,t_10,T,"What 'T' Comes Before Land, Mat And Tennis",Table,Table tennis originated in Victorian England as an indoor parlour game.,
,,u_01,U,"What 'U' Are You On, When You're So Poor That You've Worn Away The Soles Of Your Shoes",Uppers,'On your uppers' is British slang dating back to the early 20th century.,
,,u_02,U,What 'U' In 'Monopoly' Are Electricity And Water,Utilities,Utilities in Monopoly are based on real American utility companies.,
,,u_03,U,What 'U' Means Adverse Or Unfavourable,Untoward,'Untoward' originally meant 'difficult to manage'.,
,,u_04,U,"What 'U' Is A Pendulous, Baggy Organ Below A Cows Stomach, Used For Milking",Udder,"A cow’s udder is divided into four quarters, each with its own teat.",
,,u_05,U,What 'U' Is The Language Spoken By Most Indians,Urdu,Urdu uses a modified form of the Persian-Arabic script.,
,,u_06,U,"What 'U' Is Pressing, Or Calling For Immediate Action",Urgent,"The word comes from Latin 'urgere', meaning 'to press hard'.",
,,u_07,U,What 'U' Is Northern Ireland,Ulster,Ulster is one of the four traditional provinces of Ireland.,
,,u_08,U,What 'U' Are The Mammary Glands Of A Goat,Udder,"A goat’s udder functions similarly to a cow’s, though smaller in size.",
,,u_09,U,What 'U' Is The Watery Fluid Formed By The Kidneys,Urine,Urine is about 95% water.,
,,u_10,U,What 'U' Is To Employ Something For A Purpose,Use,The word 'use' has been in English since the 13th century.,
,,v_01,V,What 'V' Is A Leading U S University,Vassar,Vassar College was founded in 1861 as a women’s college.,
,,v_02,V,What 'V' Is An Arched Ceiling Over A Room,Vault,Vaulted ceilings were a hallmark of Gothic architecture.,
,,v_03,V,What 'V' Was A Scandinavian Seaman Or Pirate,Viking,The Viking Age lasted roughly from 793 to 1066 AD.,
,,v_04,V,What 'V' Is A Type Of Car And Area Of London,Vauxhall,Vauxhall was once home to the famous Vauxhall Pleasure Gardens.,
,,v_05,V,What 'V' Is A Saint Whose Feast Day Is 14th February,Valentine,St Valentine’s Day became associated with romance in the Middle Ages.,
,,v_06,V,What 'V' Is A Distant View,Vista,'Vista' entered English from Italian in the 17th century.,
,,v_07,V,What 'V' Are The Oldest Scriptures Of Hinduism,Veda,The Vedas are among the oldest sacred texts still in use.,
,,v_08,V,What 'V' Is A City Famous For Its White Horses,Vienna,Vienna is known as the 'City of Music' due to its classical heritage.,
,,v_09,V,What 'V' Is The First Word Of The Tax Known As V.A.T,Value,VAT was introduced in the UK in 1973.,
,,v_10,V,"What 'V' Are Dilated Or Enlarged Veins, Usually In The Legs",Varicose,Varicose veins are more common in people who stand for long periods.,
,,w_01,W,What 'W' Are The Marsupials From Whom The Rugby Team Of Australia Got Their Name,Wallabies,The Australian rugby team adopted the name 'Wallabies' in 1908.,
,,w_02,W,What 'W' Is The Country Whose Name Is Cymru In Its Native Language,Wales,'Cymru' comes from a word meaning 'fellow countrymen'.,
,,w_03,W,"What 'W' Comes Before Weary, Wide And War",World,'World-weary' appears in English literature as early as the 1500s.,
,,w_04,W,What 'W' Is A Lump Raised On The Body By A Heavy Blow,Welt,The word 'welt' is also used in shoemaking to describe a stitched edge.,
,,w_05,W,What 'W' Is The Most Northerly Of The Pacific States Of America,Washington,Washington State is named after George Washington.,
,,w_06,W,What 'W' Is A Type Of Carburettor And German Composer,Weber,Carl Maria von Weber was a key figure in early Romantic music.,
,,w_07,W,What 'W' Is A Sorceror - And Slang For Wonderful,Wizard,'Wizard' originally meant 'wise man'.,
,,w_08,W,What 'W' Are Madame Tussaud's Models Made Of,Wax,Wax models have been used for anatomical teaching since the Renaissance.,
,,w_09,W,What 'W' Is A Small Kangaroo,Wallaby,Wallabies are smaller relatives of kangaroos.,
,,w_10,W,What 'W' Wrote The Music For The Threepenny Opera,Weill,Kurt Weill collaborated with Bertolt Brecht on 'The Threepenny Opera'.,
,,y_01,Y,What 'Y' In 'Boys From The Black Stuff' Was The Determined Jobhunter,Yosser,Yosser Hughes became a cultural icon of early 1980s British TV.,
,,y_02,Y,What 'Y' Is The Day Just Gone,Yesterday,'Yesterday' is one of the most frequently used words in English.,
,,y_03,Y,What 'Y' Is A Form Of Meditation,Yoga,"Yoga originated in ancient India over 2,000 years ago.",
,,y_04,Y,What 'Y' Is A Tree Often Planted In Graveyards,Yew,Yew trees can live for thousands of years.,
,,y_05,Y,What 'Y' Is A Republic On The Arabian Peninsula,Yemen,"Yemen is home to the ancient city of Sana’a, a UNESCO World Heritage site. Previously two states (north and south) it united in the 1990s",
,,y_06,Y,What 'Y' Is Also Called 'Sweet Potato',Yam,"Yams are often confused with sweet potatoes, but they’re botanically different.",
,,y_07,Y,What 'Y' Is The Second-Largest City In Japan,Yokohama,Yokohama is Japan’s second-largest city after Tokyo.,
,,y_08,Y,What 'Y' Is Military Slang For Walking Laboriously Over Rough Terrain While Heavily Laden,Yomp,'Yomp' was popularised during the Falklands War by Royal Marines.,
